3/31	12:33	東京・富ヶ谷の私邸発 散歩
3/31	12:49	東京・目黒区の「駒場公園」に入る
3/31	12:54	花見客らと記念撮影（～13:34）
3/31	13:35	「駒場公園」を出る
3/31	13:59	私邸着 私邸前で記者団に対し、「いい花見ができた」などと述べる
3/31	14:17	私邸発
3/31	14:27	東京・渋谷の美容室「HAIR　GUEST」着　散髪
3/31	16:04	「HAIR　GUEST」発
3/31	16:27	東京・上野の「東京国立博物館」着　「両陛下と文化交流−日本美を伝える−」を鑑賞　記者団に対し、「天皇皇后両陛下が担われてきた文化交流の意義深さに思いをはせつつ、素晴らしい作品を拝見した」などと感想を述べる
3/31	17:06	「東京国立博物館」発
3/31	17:41	私邸着
3/30	8:17	東京・富ヶ谷の私邸発
3/30	8:27	東京・新宿区の「慶應義塾大学病院」着　人間ドックを受診
3/30	13:56	「慶應義塾大学病院」発
3/30	14:07	私邸着
3/29	8:18	東京・富ヶ谷の私邸発	
3/29	8:32	官邸着	
3/29	8:44	外国人材の受け入れ・共生に関する関係閣僚会議に出席（～8:55）	
3/29	9:01	閣議（～9:19）	
3/29	9:31	官邸発	
3/29	9:42	東京・中央区の大手食品メーカー「味の素」本社着　来月の働き方改革関連法の施行を前に、西井孝明社長から長時間労働の是正に向けた取り組みについて説明を受ける	
3/29	10:18	「味の素」本社発	
3/29	10:32	官邸着	
3/29	11:01	官邸発	
3/29	11:08	皇居着  内奏	
3/29	11:51	皇居発	
3/29	11:59	官邸着	
3/29	13:45	拉致問題対策本部の石川正一郎事務局長と面会（～14:17）	
3/29	15:40	麻生副総理兼財務大臣、財務省の岡本薫明事務次官と面会（～15:43）	
3/29	15:43	財務省の岡本事務次官が出て、麻生副総理兼財務大臣と面会（～16:10）	
3/29	16:26	兼原官房副長官補、外務省の秋葉剛男事務次官と面会（～16:58）	
3/29	17:03	北村滋内閣情報官と面会（～17:32）	
3/29	18:46	官邸発	
3/29	18:57	東京・港区の「東宮御所」着　皇太子さまと面会	
3/29	19:18	「東宮御所」発	
3/29	19:35	東京・銀座の日本料理店「室井」着　JR東海の葛西敬之名誉会長、北村内閣情報官と会食	夕食
3/29	21:47	「室井」発	
3/29	22:04	私邸着
3/28	9:33	公邸発	
3/28	9:34	官邸着	
3/28	10:15	自民党の細田健一衆議院議員と面会　西村官房副長官が同席（～10:25）	
3/28	11:17	防衛大学校の国分良成校長と面会（～11:27）	
3/28	11:56	公明党の山口代表と官邸の庭で桜を観賞　記者団に対し、皇位継承に伴う改元を前に、「みなさんの夢や希望が咲き誇る、そういう時代にしたい」と述べる（～12:00）	
3/28	12:02	公明党の山口代表と会食（～13:02）	
3/28	15:30	北村滋内閣情報官と面会（～15:49）	
3/28	15:52	世耕経済産業大臣、原田環境大臣らと面会（～16:37）	
3/28	16:38	谷内正太郎国家安全保障局長、北村内閣情報官、防衛省の槌道明宏防衛政策局長、自衛隊の河野克俊統合幕僚長と面会（～16:56）	
3/28	17:11	NSC＝国家安全保障会議の4大臣会合に出席　石井国土交通大臣らが同席（～17:37）	
3/28	18:17	官邸発	
3/28	18:34	東京・新宿のビル「壱丁目参番館」着 ビル内にある評論家の金美齢氏の事務所で、柴山文部科学大臣、世耕経済産業大臣、衛藤晟一総理大臣補佐官、自民党の萩生田光一幹事長代行、新藤義孝政務調査会長代理らと会食	
3/28	20:07	「壱丁目参番館」発	
3/28	20:24	東京・富ヶ谷の私邸着
3/27	7:47	東京・富ヶ谷の私邸発	
3/27	7:59	官邸着	
3/27	8:05	野上官房副長官と面会（～8:48）	
3/27	8:55	官邸発	
3/27	8:57	国会着	
3/27	8:59	参議院第１委員会室に入る	
3/27	9:01	参議院予算委員会が開会	
3/27	12:21	参議院予算委員会が散会	
3/27	12:22	参議院第１委員会室を出る	
3/27	12:23	国会発	
3/27	12:26	官邸着	
3/27	13:53	官邸発
3/27	13:55	国会着	
3/27	13:56	参議院議長応接室に入る	
3/27	13:57	参議院議長応接室を出て、本会議場に入る	
3/27	13:58	麻生副総理兼財務大臣、茂木経済再生担当大臣と会話（～13:59）	
3/27	14:01	参議院本会議が開会	
3/27	15:05	参議院本会議を途中退席し、本会議場を出る	
3/27	15:06	国会発	
3/27	15:08	官邸着	
3/27	16:58	官邸発	
3/27	17:00	国会着	
3/27	17:01	参議院議長応接室に入る	
3/27	17:04	参議院議長応接室を出る	
3/27	17:05	参議院の伊達忠一議長、郡司彰副議長、与野党の各会派にあいさつ回り　菅官房長官、野上官房副長官が同行（～17:17）	
3/27	17:19	国会内の総理大臣室に入る	
3/27	17:20	総理大臣室を出て、記者団に対し、「世界経済が不透明感を増す中、予算の早期執行に全力を挙げるとともに、２兆円規模の消費税対策によって経済運営に万全を期していきたい」などと述べる（～17:22）	
3/27	17:24	国会発	
3/27	17:26	官邸着	
3/27	18:11	経済財政諮問会議に出席（～19:03)	
3/27	19:08	官邸発	
3/27	19:09	公邸着
3/26	7:51	東京・富ヶ谷の私邸発	
3/26	8:03	官邸着	
3/26	8:11	ＩＲ＝統合型リゾート施設の整備に向けた推進本部の会合に出席（～8:17）	
3/26	8:24	閣議（～8:36）	
3/26	14:00	谷内正太郎国家安全保障局長、外務省の秋葉剛男事務次官、森健良外務審議官、正木靖欧州局長と面会（～14:46）	
3/26	15:01	谷内国家安全保障局長、北村滋内閣情報官、内閣衛星情報センターの宮川正所長と面会（～15:08）	
3/26	15:09	北村内閣情報官と面会（～15:35）	
3/26	15:44	アメリカ海兵隊トップのネラー総司令官と面会　厳しい安全保障環境の中、在日アメリカ軍の貢献に敬意を表するとした上で、引き続き安定的な駐留を確保するためにも、沖縄の基地負担の軽減が重要だという認識を伝える（～16:09）	
3/26	16:23	外務省の秋葉事務次官と面会（～17:05）	
3/26	18:14	官邸発	
3/26	18:40	東京・上野の日本料理店「韻松亭」着　渡辺復興大臣、桜田オリンピック・パラリンピック担当大臣など、自民党の「奪還の会」のメンバーらと会食	夕食
3/26	20:02	花見客らと握手（～20:04）	
3/26	20:05	日本料理店発	
3/26	20:41	私邸着
3/6	7:11	東京・富ヶ谷の私邸発	
3/6	7:22	官邸着	
3/6	7:27	野上官房副長官と打ち合わせ（～8:42）	
3/6	8:48	官邸発	
3/6	8:50	国会着	
3/6	8:52	参議院第１委員会室に入る	
3/6	8:55	参議院予算委員会が開会	
3/6	11:52	参議院予算委員会が休憩	
3/6	11:53	参議院第１委員会室を出る	
3/6	11:55	国会発	
3/6	11:57	官邸着	
3/6	12:55	官邸発	
3/6	12:56	国会着	
3/6	12:58	参議院第１委員会室に入る	
3/6	13:00	参議院予算委員会が再開	
3/6	15:13	参議院予算委員会が散会	
3/6	15:15	参議院第１委員会室を出る	
3/6	15:17	国会発	
3/6	15:19	官邸着	
3/6	16:58	官邸発	
3/6	16:59	国会着	
3/6	17:01	国会内の自民党総裁室に入り、自民党役員会に出席	
3/6	17:37	自民党総裁室を出る	
3/6	17:38	国会発	
3/6	17:41	官邸着	
3/6	18:42	官邸発	
3/6	18:44	東京・永田町の「ザ・キャピトルホテル東急」着 レストラン「ORIGAMI」で秘書官と食事	夕食
3/6	20:13	「ザ・キャピトルホテル東急」発	
3/6	20:30	私邸着	

3/24	9:00	午前中は来客なく、東京・富ヶ谷の私邸で過ごす	
3/24	13:48	私邸発	
3/24	14:05	東京・品川区の「五反田リハビリテーション病院」着　自民党の岸信夫衆議院議員の義母の見舞い	
3/24	14:29	病院発	
3/24	14:48	私邸着
3/23	9:06	東京・富ヶ谷の私邸発	
3/23	9:19	東京・千代田区の「ホテルニューオータニ」着	
3/23	9:30	第5回国際女性会議WAW!/W20に出席し、あいさつ	
3/23	10:47	「ホテルニューオータニ」発	
3/23	10:59	東京・新宿区の東京女子医科大学病院着　難病を患っている女子高校生を見舞う	
3/23	11:14	東京女子医科大学病院発	
3/23	11:38	私邸着	
3/23	14:06	私邸発	
3/23	14:23	東京・六本木のホテル「グランドハイアット東京」着　ホテル内の「ＮＡＧＯＭＩ　スパ　アンド　フィットネス」で運動	
3/23	17:40	「グランドハイアット東京」発	
3/23	18:03	私邸着
3/22	8:07	東京・富ヶ谷の私邸発	
3/22	8:20	官邸着	
3/22	8:28	閣議（～8:41）	
3/22	13:49	内閣府の池永肇恵男女共同参画局長、外務省の鈴木哲総合外交政策局長と面会（14:25）	
3/22	15:38	北村滋内閣情報官と面会（～16:05）	
3/22	16:06	世耕経済産業大臣と面会（～16:33）	
3/22	17:02	国連のバチェレ人権高等弁務官と面会（～17:37）	
3/22	18:02	政府主催で3月23日から2日間の日程で東京都内で開かれる「国際女性会議・WAW！」に出席するため、初めて日本を訪れたノーベル平和賞受賞者、マララ・ユスフザイさんと会談（～18:16）	
3/22	18:17	マララさんと共同記者発表(～18:26）	
3/22	18:50	官邸発	
3/22	18:57	東京・港区の迎賓館着	
3/22	18:58	迎賓館内で、「国際女性会議・WAW！」の出席者らと写真撮影　昭恵夫人同席(～19:00）	
3/22	19:16	迎賓館内の会場「花鳥の間」で、「国際女性会議・WAW！」の出席者らを招いた安倍総理大臣夫妻主催の夕食会（～20:45）	夕食
3/22	20:47	迎賓館発	
3/22	21:05	私邸着
3/21	9:21	東京・富ヶ谷の私邸発	
3/21	9:32	皇居着　春季皇霊祭の儀・春季神殿祭の儀に出席	
3/21	10:50	皇居発	
3/21	11:02	私邸着
3/20	8:45	東京・富ヶ谷の私邸発	
3/20	8:58	官邸着	
3/20	9:05	野上官房副長官と打ち合わせ（～9:42）	
3/20	11:32	日米国会議員会議の参加者と面会（～12:10）	
3/20	12:55	官邸発	
3/20	12:57	国会着	
3/20	12:58	参議院第４１委員会室に入る	
3/20	13:00	参議院総務委員会が再開	
3/20	14:02	参議院総務委員会を途中退席し、参議院第４１委員会室を出る	
3/20	14:03	国会発	
3/20	14:06	官邸着	
3/20	14:09	内閣府の山崎重孝事務次官と面会（～14:19）	
3/20	14:32	官邸発	
3/20	14:38	東京・千代田区の「帝国ホテル」着	
3/20	14:47	ホテル内の宴会場「孔雀の間」に入り、日本商工会議所の通常会員総会に出席し、あいさつ（～15:00）	
3/20	15:02	「帝国ホテル」発	
3/20	15:08	国会着	
3/20	15:09	院内大臣室に入る	
3/20	15:29	院内大臣室を出る	
3/20	15:31	参議院第２委員会室に入る	
3/20	15:35	参議院第２委員会室を出る	
3/20	15:36	参議院第３委員会室に入り、参議院財政金融委員会に出席	
3/20	16:34	参議院財政金融委員会が散会し、参議院第３委員会室を出る	
3/20	16:35	国会発	
3/20	16:38	官邸着	
3/20	16:45	北村滋内閣情報官と面会（～16:48）	
3/20	16:49	自民党の河井克行総裁外交特別補佐と面会（～17:13）	
3/20	17:20	月例経済報告等に関する関係閣僚会議に出席（～17:33）	
3/20	17:34	官邸内の庭で、麻生副総理兼財務大臣、茂木経済再生担当大臣らと散歩（～17:38）	
3/20	17:39	未来投資会議に出席（～18:13）	
3/20	18:30	オーストラリアのモリソン首相と電話会談（～18:43）	
3/20	18:51	官邸発	
3/20	19:00	東京・丸の内のレストラン「センチュリーコート丸の内」着 山口県内の商工会議所の会頭らや、自民党の河村建夫衆議院議員、林芳正参議院議員らと会食	
3/20	20:54	「センチュリーコート丸の内」発	
3/20	21:15	私邸着
3/19	7:56	公邸発	
3/19	7:57	官邸着	
3/19	8:03	児童虐待防止対策に関する関係閣僚会議　一連の対策を切れ目なく実行し、あらゆる手段を講じて、虐待の根絶に取り組むよう指示（～8:14）	
3/19	8:18	障害者雇用に関する関係閣僚会議（～8:25）	
3/19	8:28	閣議（～8:39）	
3/19	9:47	天皇陛下の御退位及び皇太子殿下の御即位に伴う式典委員会に出席　ことし１０月２２日に行う、新天皇が即位を内外に宣言する「即位礼正殿の儀」に、日本が国家として承認している195か国の元首などを招くことを決定（～10:15）	
3/19	10:31	沖縄県の玉城知事と面会（～10:54）	
3/19	10:55	インドのハリワンシュ上院副議長と面会（～11:21）	
3/19	11:22	外務省の冨田浩司金融・世界経済に関する首脳会合担当大使、鈴木哲総合外交政策局長と面会（～11:46）	
3/19	11:48	群馬県太田市の特産品、「薮塚こだま西瓜」の生産者やＪＡの関係者と面会　すいかを試食し、生産者を激励（～11:59）	
3/19	12:49	中村芳夫駐バチカン大使と面会（～13:02）	
3/19	14:53	谷内正太郎国家安全保障局長、外務省の秋葉剛男事務次官、森健良外務審議官、正木靖欧州局長と面会（～15:08）	
3/19	15:09	秋葉事務次官と面会（～15:33）	
3/19	15:35	自衛隊制服組のトップをこれまでで最も長い４年５か月にわたって務め、今月いっぱいで交代する河野克俊統合幕僚長や、後任となる山崎幸二陸上幕僚長ら、自衛隊幹部からのあいさつ（～15:51）	
3/19	15:52	茂木経済再生担当大臣、経済産業省の新原浩朗経済産業政策局長と面会（～16:20）	
3/19	16:36	ラオスのパーニー国民議会議長による表敬を受ける（～16:52）	
3/19	16:55	北村滋内閣情報官、防衛省の槌道明宏防衛政策局長、大塚海夫情報本部長と面会（～17:02）	
3/19	17:03	北村内閣情報官と面会（～17:24）	
3/19	17:25	自民党の塩崎恭久衆議院議員と面会（～17:39）	
3/19	17:40	デンマークの海運大手「APモラー・マースク」のソレン・スコウCEO=最高経営責任者と面会（～17:55）	
3/19	17:57	外務省の鈴木総合外交政策局長、自衛隊の河野統合幕僚長と面会（～18:12）	
3/19	18:14	鈴木宗男元衆議院議員と面会（～18:39）	
3/19	18:44	官邸発	
3/19	18:49	東京・千代田区の日本料理店「下関春帆楼　東京店」着　内閣官房参与を務めた京都大学大学院の藤井聡教授と会食　野上官房副長官、自民党の西田昌司参議院議員と同席	夕食
3/19	21:11	日本料理店発	
3/19	21:28	東京・富ヶ谷の私邸着	

3/18	7:10	東京・富ヶ谷の私邸発	
3/18	7:22	官邸着	
3/18	7:27	野上官房副長官と打ち合わせ（～8:46）	
3/18	8:49	官邸発	
3/18	8:51	国会着	
3/18	8:53	参議院第1委員会室に入る	
3/18	8:54	麻生副総理兼財務大臣、河野外務大臣、岩屋防衛大臣と会話（～8:55）	
3/18	8:55	参議院予算委員会が開会	
3/18	9:24	麻生副総理兼財務大臣と会話（～9:27）	
3/18	11:54	参議院予算委員会が休憩	
3/18	11:55	参議院第1委員会室を出る	
3/18	11:56	国会発	
3/18	11:59	官邸着	
3/18	12:54	官邸発	
3/18	12:56	国会着	
3/18	12:58	参議院第1委員会室に入る	
3/18	13:00	参議院予算委員会が再開	
3/18	17:13	参議院予算委員会が散会	
3/18	17:14	参議院第1委員会室を出る	
3/18	17:16	国会内の自民党幹事長会議室に入る 神奈川県知事選挙の立候補予定者に推薦証を渡し、写真撮影を行う	
3/18	17:18	自民党幹事長会議室を出る	
3/18	17:19	国会内の自民党総裁室に入る	
3/18	17:21	自民党役員会に出席（～17:34）	
3/18	17:35	自民党総裁室を出る	
3/18	17:36	国会発	
3/18	17:38	官邸着	
3/18	17:39	和泉洋人総理大臣補佐官、兼原信克官房副長官補、外務省の鈴木哲総合外交政策局長、財務省の武内良樹国際局長、経済産業省の石川正樹貿易経済協力局長と面会（～17:59）	
3/18	18:06	Ｇ２０=主要２０か国の労働組合でつくる「Ｌ２０」メンバーの表敬（～18:33）	
3/18	18:36	官邸発	
3/18	18:37	公邸着 そのまま宿泊
3/17	9:02	東京・富ヶ谷の私邸発	
3/17	9:14	官邸着	
3/17	9:20	陸上自衛隊のヘリコプターで官邸発	
3/17	9:38	神奈川県横須賀市の防衛大学校着	
3/17	9:45	本館応接室で岩屋防衛大臣、防衛大学校の国分良成校長と面会（～9:54）	
3/17	10:00	記念講堂で防衛大学校卒業式に出席し、訓示を述べる（～12:01）	
3/17	12:04	学校長応接室で岩屋防衛大臣、国分良成校長らと昼食（～12:34）	
3/17	12:41	記念講堂で任命・宣誓式に出席（～12:53）	
3/17	13:01	陸上自衛隊のヘリコプターで防衛大学校発	
3/17	13:16	官邸着	
3/17	13:21	官邸発	
3/17	13:35	私邸着
3/16	10:55	東京・富ヶ谷の私邸発	
3/16	11:13	東京・丸の内の「パレスホテル東京」着 ホテル内の宴会場「葵」で、自民党の萩生田光一幹事長代行の長女の結婚披露宴に出席	
3/16	13:59	「パレスホテル東京」発	
3/16	14:18	私邸着	
3/16	14:59	東京オリンピック・パラリンピック組織委員会の森喜朗会長と面会（～15:50） 
3/15	7:52	公邸発	
3/15	7:53	官邸着	
3/15	7:59	閣議（～8:15）	
3/15	14:45	三井不動産の岩沙弘道会長と面会（～14:55）	
3/15	14:55	拉致問題対策本部の石川正一郎事務局長と面会（～15:49）	
3/15	15:50	大阪府知事と大阪市長のダブル選挙で、自民党が市長選挙に擁立する元大阪市議会議員の柳本顕氏や自民党大阪府連の左藤章会長らと面会（～15:56）	
3/15	15:57	官邸発	
3/15	16:00	自民党本部着 島根県知事選挙の立候補予定者に推薦書を手渡す	
3/15	16:20	自民党の萩生田光一幹事長代行と会話（～16:22）	
3/15	16:23	自民党本部発	
3/15	16:27	官邸着	
3/15	16:28	４階特別応接室で「クレディスイスアジアインベストメントカンファレンス」に向けたビデオメッセージを収録（～16:33）	
3/15	16:45	和泉洋人総理大臣補佐官、北村滋内閣情報官と面会（～16:56）	
3/15	16:56	和泉総理大臣補佐官が出て、北村内閣情報官と面会（～17:22）	
3/15	17:50	官邸発	
3/15	18:00	東京・千代田区の「パレスホテル東京」着 ホテル内の宴会場「葵」で「日本医師会　赤ひげ大賞」のレセプションに出席し、あいさつ	
3/15	18:07	「パレスホテル東京」発	
3/15	18:12	東京・大手町の経団連会館着 Ｂ２０東京サミットの閉会セッションに出席し、あいさつ	
3/15	18:36	経団連会館発	
3/15	18:54	東京・港区の「ホテルオークラ」着 ホテル内日本料理店「山里」で日本テレビの大久保好男社長、粕谷賢之報道局解説委員長と会食	夕食
3/15	21:23	「ホテルオークラ」発	
3/15	21:40	東京・富ヶ谷の私邸着
3/14	7:53	東京・富ヶ谷の私邸発	
3/14	8:07	官邸着	
3/14	8:13	野上官房副長官と面会（～8:46）	
3/14	8:48	官邸発	
3/14	8:50	国会着	
3/14	8:52	参議院第１委員会室に入る	
3/14	8:57	参議院予算委員会が開会	
3/14	12:00	参議院予算委員会が散会	
3/14	12:01	参議院第１委員会室を出る	
3/14	12:02	国会発	
3/14	12:05	公邸着　安倍総理大臣が主催する各国の女性駐日大使らと昼食会	昼食
3/14	13:23	今月２０日に東京・銀座で開かれる夕刊フジ主催の「日本国憲法のあり方を考えるシンポジウム２」に向けたビデオメッセージを収録（～13:33）	
3/14	13:34	公邸発	
3/14	13:35	官邸着	
3/14	14:09	外務省の秋葉剛男事務次官、森健良外務審議官と面会（～14:29）	
3/14	15:42	北方領土をテーマにした弁論大会で入賞した北海道の高校生２人と面会　元島民のふるさとに対する思いを国民が共有し、北方領土問題の解決に向けた機運を醸成することが重要だという認識を示す　宮腰沖縄・北方担当大臣が同席（～15:52）	
3/14	16:37	谷内正太郎国家安全保障局長、外務省の鈴木哲総合外交政策局長、防衛省の槌道明宏防衛政策局長、自衛隊の河野克俊統合幕僚長と面会（～17:02）	
3/14	17:03	自民党大阪府連の左藤章会長、大阪府知事選挙の立候補予定者らと面会（～17:22）	
3/14	18:22	欧州大使会議出席者による表敬を受ける （～18:37）	
3/14	18:40	官邸発	
3/14	18:41	"公邸着　サントリーホールディングスの佐治信忠会長、大林組の大林剛郎会長、東映グループの岡田裕介会長ら経済界の11人と会食（～20:39） そのまま宿泊	夕食"
3/13	8:05	東京・富ヶ谷の私邸発
3/13	8:20	官邸着
3/13	8:26	野上官房副長官と打ち合わせ（～9:37）
3/13	9:54	官邸発
3/13	9:55	国会着
3/13	9:57	参議院議長応接室に入る
3/13	9:58	参議院議長応接室を出て、参議院本会議場に入る
3/13	10:01	参議院本会議が開会
3/13	12:12	参議院本会議が散会
3/13	12:13	参議院本会議場を出る
3/13	12:14	国会発
3/13	12:17	官邸着
3/13	12:49	官邸発
3/13	12:51	国会着
3/13	12:52	参議院第１委員会室に入る
3/13	12:55	参議院予算委員会が開会
3/13	17:02	参議院予算委員会が散会
3/13	17:03	参議院第１委員会室を出る
3/13	17:05	国会発
3/13	17:07	官邸着
3/13	17:18	ふるさとづくり大賞・ふるさとイベント大賞の表彰式に出席（～17:33）
3/13	17:58	官邸発
3/13	18:08	東京・港区の「東京プリンスホテル」着
3/13	18:10	ホテル内の宴会場「鳳凰の間」で、自民党竹下派のパーティーに出席し、あいさつ（～18:15）
3/13	18:18	「東京プリンスホテル」発
3/13	18:27	東京・銀座の日本料理店「東京吉兆　本店」着　経団連の今井敬名誉会長、御手洗冨士夫名誉会長ら財界人と会食
3/13	20:39	「東京吉兆　本店」発
3/13	21:01	私邸着
3/12	7:59	公邸発	
3/12	8:00	官邸着	
3/12	8:03	閣議（～8:12）	
3/12	8:50	西村官房副長官と面会（～10:20）	
3/12	11:12	谷内正太郎国家安全保障局長、北村滋内閣情報官と面会（～11:19）	
3/12	11:20	北村内閣情報官と面会（～11:40）	
3/12	11:41	日本財団の笹川陽平会長と面会（～11:55）	
3/12	12:09	政府与党連絡会議に出席（～12:29）	
3/12	12:31	茂木経済再生担当大臣と面会（～12:56）	
3/12	13:20	官邸発	
3/12	13:21	国会着	
3/12	13:23	衆議院本会議場に入り、本会議に出席	
3/12	13:24	自民党の髙木毅衆議院議員と話す（～13:26）	
3/12	13:28	根本厚生労働大臣と話す（～13:29）	
3/12	15:46	衆議院本会議が散会し、本会議場を出る	
3/12	15:48	国会発	
3/12	15:50	官邸着	
3/12	16:05	スイスでの「ダボス会議」を主催する、世界経済フォーラムのクラウス・シュワブ会長らと面会　外務省の山上信吾経済局長が同席（～16:25）	
3/12	16:30	国際司法裁判所の岩沢雄司裁判官と面会（～16:35）	
3/12	16:36	外務省の秋葉剛男事務次官、金杉憲治アジア大洋州局長と面会（～16:46）	
3/12	16:47	外務省の秋葉事務次官と面会（～16:58）	
3/12	17:01	北朝鮮の拉致被害者の地村保志さんと面会　日朝首脳会談を早期に実現し、すべての拉致被害者の帰国を図るよう要望されたのに対し、先の米朝首脳会談で拉致問題が取り上げられたことなどを説明し、解決に全力を尽くす考えを強調（～17:13）	
3/12	18:02	官邸発	
3/12	18:11	東京・千代田区の「パレスホテル東京」着　ホテル内の宴会場「葵」で、京都大学特別教授の本庶佑さんのノーベル医学・生理学賞の受賞を祝う記念講演会・晩餐会に出席し、あいさつ	
3/12	18:20	「パレスホテル東京」発	
3/12	18:27	官邸着	
3/12	18:47	官邸発	
3/12	18:56	東京・銀座のステーキ店「かわむら」着　麻生副総理兼財務大臣、自民党の二階幹事長、森山国会対策委員長、甘利選挙対策委員長、萩生田光一幹事長代行、河村建夫衆議院議員と会食	夕食
3/12	21:10	ステーキ店発	
3/12	21:30	東京・富ヶ谷の私邸着
3/11	9:10	東京・富ヶ谷の私邸発	
3/11	9:26	官邸着	
3/11	10:55	石原慎太郎元東京都知事、亀井静香元自民党政務調査会長と面会（～11:56）	
3/11	11:57	麻生副総理兼財務大臣、財務省の浅川雅嗣財務官、武内良樹国際局長と面会（～12:17）	
3/11	14:11	官邸発	
3/11	14:16	東京・千代田区の国立劇場着	
3/11	14:42	東日本大震災八周年追悼式に出席し、式辞を述べる	
3/11	15:36	国立劇場発	
3/11	15:41	官邸着	
3/11	15:54	内閣府の大塚幸寛賞勲局長と面会（～16:10）	
3/11	16:57	官邸発	
3/11	16:59	国会着	
3/11	17:00	国会内の自民党総裁室に入る　自民党役員会に出席（～17:31)	
3/11	17:36	自民党総裁室を出て、国会内の総理大臣室に入る 自民党の中央政治大学院の学生らと写真撮影	
3/11	17:42	総理大臣室を出る	
3/11	17:43	国会発	
3/11	17:45	官邸着	
3/11	17:55	自民党の岸田政務調査会長、新藤義孝会長代理、木原誠二副会長と面会（～18:25）	
3/11	18:34	官邸発	
3/11	18:35	公邸着 自民党の関口昌一参議院国会対策委員長や公明党の石川博崇参議院国会対策委員長らと会食（～19:57） そのまま公邸泊	○
3/10	9:00	午前中は来客なく、東京・富ヶ谷の私邸で過ごす	
3/10	14:47	私邸発	
3/10	14:57	東京・渋谷の美容室「HAIR　GUEST」着　散髪	
3/10	16:36	美容室「HAIR　GUEST」発	
3/10	17:12	東京・千代田区の日本武道館着　昭恵夫人とともにシンガーソングライターの松任谷由実さんのコンサートを鑑賞	
3/10	20:53	松任谷さんら出演者に挨拶、写真撮影（～20:55）	
3/10	20:58	日本武道館発	
3/10	21:14	私邸着
3/9	7:07	東京・富ヶ谷の私邸発	
3/9	7:28	ＪＲ東京駅着	
3/9	7:36	ＪＲ東京駅発（はやぶさ３号） 渡辺復興大臣が同行	
3/9	9:52	ＪＲ盛岡駅着	
3/9	9:55	ＪＲ盛岡駅発	
3/9	11:42	岩手県釜石市の三陸沿岸道路・東北横断自動車道の開通式典会場着 式典に出席し、式辞を述べる。岩手県の達増知事らとテープカットを行い開通を祝う	
3/9	11:55	釜石市の式典会場発	
3/9	12:04	今月２３日から三陸鉄道リアス線として開通する釜石駅着	
3/9	12:14	釜石駅発 今月２３日に開通する区間を走る訓練運転の列車に試乗し、復興状況を視察	
3/9	12:29	釜石市の三陸鉄道リアス線の鵜住居駅着 関係者と写真撮影	
3/9	12:36	鵜住居駅発	
3/9	12:43	釜石市の旅館「宝来館」着 昼食を取る	昼食
3/9	13:10	「宝来館」発	
3/9	13:16	釜石市の「釜石鵜住居復興スタジアム」着 釜石市の野田武則市長からスタジアムの説明を受けたあと、地元の子どもたちでつくるラグビーチームと交流	
3/9	13:37	「釜石鵜住居復興スタジアム」発	
3/9	14:34	岩手県大船渡市の商業施設「キャッセン大船渡」着 老舗菓子店でまんじゅうを購入。震災で亡くなった人を追悼するキャンドルナイトのろうそく立てに文字などを記入	
3/9	14:59	「キャッセン大船渡」発	
3/9	15:15	岩手県陸前高田市の交流施設「りくカフェ」着 施設を運営する女性らと懇談したあと、ヨガを体験	
3/9	15:44	記者団に対し「被災者の心のケアなどにしっかりと取り組んでいかなければならない。今後も被災地の声に耳を傾け復興につなげていきたい」と述べる（～14:47）	
3/9	15:48	「りくカフェ」発	
3/9	17:14	ＪＲ一ノ関駅着	
3/9	17:16	駅の貴賓室で渡辺復興大臣、鈴木前東京オリンピック・パラリンピック担当大臣らと休憩（～17:45）	
3/9	17:48	ＪＲ一ノ関駅発（はやぶさ１１２号）	
3/9	19:55	ＪＲ東京駅着	
3/9	19:59	ＪＲ東京駅発	
3/9	20:21	私邸着
3/8	7:53	東京・富ヶ谷の私邸発	
3/8	8:07	官邸着	
3/8	8:12	復興推進会議・原子力災害対策本部会議合同会合に出席（～8:29）	
3/8	8:34	閣議（～8:44）	
3/8	8:45	総合科学技術・イノベーション会議の民間議員の任命式（～8:50）	
3/8	9:15	野上官房副長官と打ち合わせ（～9:49）	
3/8	10:01	官邸発	
3/8	10:03	国会着	
3/8	10:04	参議院議長応接室に入る	
3/8	10:16	議長応接室を出て参議院本会議場に入る	
3/8	12:20	参議院本会議が散会し、本会議場を出る	
3/8	12:22	国会発	
3/8	12:24	官邸着	
3/8	13:52	河北新報、福島民友、福島民報、岩手日報による取材（～14:09）	
3/8	14:33	官邸発	
3/8	15:03	神奈川県川崎市の撮影スタジオ「アバコさぎ沼スタジオ」着　自民党の広報用動画の撮影	
3/8	15:40	「アバコさぎ沼スタジオ」発	
3/8	16:18	官邸着	
3/8	18:09	パラオのレメンゲサウ大統領を迎え、儀仗隊による栄誉礼・儀仗（～18:14）	
3/8	18:17	レメンゲサウ大統領と首脳会談（～18:51）	
3/8	18:55	署名式、共同記者発表（～19:07)	
3/8	19:08	官邸発	
3/8	19:09	公邸着　レメンゲサウ大統領と夕食会	◎
3/8	20:18	レメンゲサウ大統領を見送り	
3/8	20:25	公邸発	
3/8	20:44	私邸着
3/7	9:39	公邸発	
3/7	9:41	官邸着	
3/7	10:02	谷内正太郎国家安全保障局長、外務省の秋葉剛男事務次官、冨田浩司金融・世界経済に関する首脳会合担当大使と面会（～10:07）	
3/7	10:08	谷内国家安全保障局長、外務省の秋葉事務次官と面会（～10:24)	
3/7	10:25	茂木経済再生担当大臣、経済産業省の新原浩朗経済産業政策局長と面会（～11:12）	
3/7	11:13	拉致問題対策本部の石川正一郎事務局長と面会（～11:36)	
3/7	12:02	尾﨑久仁子駐エストニア大使、村田隆駐フィンランド大使と面会（～12:07）	
3/7	13:47	官邸発	
3/7	13:58	東京・港区のホテル「ザ・プリンスパークタワー東京」着　ホテル内の宴会場「コンベンションホール」で、第28回JA全国大会に出席し、挨拶	
3/7	14:28	「ザ・プリンスパークタワー東京」発	
3/7	14:35	官邸着	
3/7	14:42	厚生労働省の鈴木俊彦事務次官、濱谷浩樹子ども家庭局長らと面会（～14:57）	
3/7	15:15	北村滋内閣情報官と面会（～15:44）	
3/7	15:45	総務省の渡辺克也総務審議官、外務省の山﨑和之外務審議官、冨田金融・世界経済に関する首脳会合担当大使、経済産業省の田中繁広通商政策局長と面会（～16:00）	
3/7	16:01	谷内国家安全保障局長、外務省の秋葉事務次官、森健良外務審議官、正木靖欧州局長と面会（～16:23）	
3/7	16:45	サウジアラビアのムハンマド皇太子と電話会談（～16:59）	
3/7	17:19	未来投資会議に出席（～18:05）	
3/7	18:32	官邸発	
3/7	18:34	公邸着 世耕経済産業大臣と会食	夕食
3/7	21:06	公邸発	
3/7	21:20	東京・富ヶ谷の私邸着
3/6	7:22	公邸発	
3/6	7:23	官邸着	
3/6	7:29	野上官房副長官と打ち合わせ（～8:36）	
3/6	8:49	官邸発	
3/6	8:50	国会着	
3/6	8:52	参議院第１委員会室に入る	
3/6	8:53	麻生副総理兼財務大臣、茂木経済再生担当大臣と話す（～8:58）	
3/6	9:01	参議院予算委員会が開会	
3/6	11:51	参議院予算委員会が休憩	
3/6	11:52	参議院第１委員会室を出る	
3/6	11:53	国会発	
3/6	11:55	官邸着	
3/6	12:54	官邸発	
3/6	12:56	国会着	
3/6	12:57	参議院第１委員会室に入る	
3/6	13:00	参議院予算委員会が再開	
3/6	17:27	参議院予算委員会が散会	
3/6	17:28	参議院第１委員会室を出る	
3/6	17:29	国会発	
3/6	17:33	東京・永田町の「ザ・キャピトルホテル東急」着 ホテル内の宴会場「桐」で、自民党と情報通信・安全保障関係団体など各種団体の懇談会に出席してあいさつ	
3/6	17:41	「ザ・キャピトルホテル東急」発	
3/6	17:42	官邸着	
3/6	17:43	北朝鮮による拉致被害者の家族会代表の飯塚繁雄さんや、横田めぐみさんの母親の早紀江さんらと面会（～18:05）	
3/6	18:09	前田哲官房副長官補、北村滋内閣情報官、外務省の鈴木哲総合外交政策局長、防衛省の槌道明宏防衛政策局長、自衛隊の河野克俊統合幕僚長と面会（～18:19）	
3/6	18:19	北村内閣情報官と面会（～18:40）	
3/6	18:46	日本学術会議のメンバーらと面会し、Ｇ２０大阪サミットに向けて、主要２０か国の学術機関などが取りまとめた共同声明を受け取る（～18:59）	
3/6	19:00	官邸発	
3/6	19:01	公邸着　そのまま宿泊
3/5	7:13	公邸発	
3/5	7:14	官邸着	
3/5	7:23	野上官房副長官と打ち合わせ（～8:26）	
3/5	8:28	閣議（～8:36）	
3/5	8:38	野上官房副長官と打ち合わせ（～8:50）	
3/5	8:54	官邸発	
3/5	8:56	国会着	
3/5	8:58	参議院第1委員会室に入る	
3/5	8:59	麻生副総理兼財務大臣、茂木経済再生担当大臣と会話（～9:00）	
3/5	9:03	参議院予算委員会が開会	
3/5	10:34	参議院予算委員会が休憩	
3/5	10:35	岩屋防衛大臣、片山地方創生担当大臣、世耕経済産業大臣、根本厚生労働大臣と立ち話（～10:42）	
3/5	10:44	麻生副総理兼財務大臣と会話（～10:50）	
3/5	10:54	参議院予算委員会が再開	
3/5	11:56	参議院予算委員会が休憩	
3/5	11:57	参議院第1委員会室を出る	
3/5	11:59	国会発	
3/5	12:04	東京・千代田区の「ホテルニューオータニ」着 ホテル内の「鳳凰の間」で昭恵夫人とともに自民党衆議院議員の夫人でつくる「Ｌ.Ｄ.Ｐ.ワイヴズネットワーク」の会合に出席し、あいさつ	
3/5	12:20	ホテルニューオータニ発	
3/5	12:27	官邸着	
3/5	12:55	官邸発	
3/5	12:56	国会着	
3/5	12:58	参議院第1委員会室に入る	
3/5	13:00	参議院予算委員会が再開	
3/5	19:53	参議院第1委員会室を出る	
3/5	19:55	国会発	
3/5	19:58	官邸着	
3/5	19:59	北村滋内閣情報官、外務省の秋葉剛男事務次官と面会（～20:06）	
3/5	20:10	官邸発	
3/5	20:11	"公邸着 資生堂の魚谷雅彦社長、丸井グループの青井浩社長、セブン＆アイ・ホールディングス井阪隆一社長らと会食（～21:38）そのまま宿泊	　○"
3/4	7:00	東京・富ヶ谷の私邸発
3/4	7:11	官邸着
3/4	7:16	野上官房副長官と打ち合わせ（～8:25）
3/4	8:48	官邸発
3/4	8:50	国会着
3/4	8:52	参議院第１委員会室に入る
3/4	8:56	麻生副総理兼財務大臣と話す（～8:58）
3/4	9:00	参議院予算委員会が開会
3/4	11:53	参議院予算委員会が休憩
3/4	11:54	参議院第１委員会室を出る
3/4	11:56	国会発
3/4	11:59	官邸着
3/4	12:54	官邸発
3/4	12:56	国会着
3/4	12:58	参議院第１委員会室に入る
3/4	13:00	参議院予算委員会が再開
3/4	17:14	参議院予算委員会が散会
3/4	17:15	参議院第１委員会室を出る
3/4	17:17	国会内の自民党総裁室に入る
3/4	17:18	自民党役員会に出席
3/4	17:43	国会内の自民党総裁室を出る
3/4	17:45	国会発
3/4	17:47	官邸着
3/4	18:16	官邸発
3/4	18:18	東京・永田町の「ザ・キャピトルホテル東急」着 ホテル内の宴会場「鳳凰」で、自民党と建設関係団体など各種団体の懇談会に出席してあいさつ
3/4	18:29	「ザ・キャピトルホテル東急」発
3/4	18:30	"公邸着　自民党の森山裕国会対策委員長、公明党の高木陽介国会対策委員長らと食事（～20:27） 菅官房長官、西村官房副長官が同席 そのまま宿泊	夕食"
3/3	16:04	公邸発	
3/3	16:20	東京・富ヶ谷の私邸着
3/2	0:05	国会内の総理大臣室を出る	
3/2	0:07	衆議院の議長応接室に入る	
3/2	0:10	議長応接室を出て、本会議場に入る	
3/2	0:12	衆議院本会議が開会	
3/2	1:23	本会議場を出る	
3/2	1:24	総理大臣室に入る	
3/2	1:55	総理大臣室を出る	
3/2	1:56	本会議場に入り、本会議に出席	
3/2	2:01	衆議院本会議が散会、本会議場を出る	
3/2	2:02	議長応接室に入る	
3/2	2:03	議長応接室を出る	
3/2	2:04	衆議院の大島理森議長、赤松広隆副議長、高市早苗議院運営委員長、与野党の各会派にあいさつ回り 麻生副総理兼財務大臣、菅官房長官、西村官房副長官、自民党の森山裕国会対策委員長、らが同行（～2:16）	
3/2	2:17	国会発	
3/2	2:30	東京・富ヶ谷の私邸着	
3/2	13:36	私邸発	
3/2	13:49	東京・六本木のホテル「グランドハイアット東京」着　ホテル内の「NAGOMI　スパ　アンド　フィットネス」で運動	
3/2	17:10	「グランドハイアット東京」発	
3/2	17:16	公邸着　愛知県の若手経営者らと写真撮影　そのまま宿泊
3/1	7:16	公邸発	
3/1	7:18	官邸着	
3/1	7:25	西村官房副長官と打ち合わせ（～8:15）	
3/1	8:27	閣議（～8:33）	
3/1	10:45	薗浦健太郎総理大臣補佐官と面会（～10:59）	
3/1	11:01	北村滋内閣情報官、内閣衛星センターの宮川正所長と面会（～11:11）	
3/1	11:12	北村情報官と面会（～11:32）	
3/1	11:33	谷内正太郎国家安全保障局長、外務省の秋葉剛男事務次官と面会（～12:07）	
3/1	12:11	沖縄県の玉城デニー知事と面会（～12:30）	
3/1	14:35	西村官房副長官と打ち合わせ（～15:05）	
3/1	15:27	官邸発	
3/1	15:29	国会着	
3/1	15:30	衆議院本会議場に入る　衆議院本会議に出席	
3/1	16:02	衆議院本会議が休憩　本会議場を出る	
3/1	16:04	衆議院第1委員室に入る	
3/1	16:10	麻生副総理兼財務大臣、茂木経済再生担当大臣と会話（～16:13）	
3/1	16:34	河村建夫衆議院議員、菅官房長官と会話（～16:46）	
3/1	17:00	衆議院予算委員会が開会	
3/1	20:24	衆議院予算委員会が散会　第1委員室を出る	
3/1	20:27	衆議院第15委員室に入る	
3/1	20:36	麻生副総理兼財務大臣と会話（～20:37）	
3/1	20:40	財務金融委員会が開会	
3/1	21:48	第15委員室を出る	
3/1	21:49	国会発	
3/1	21:53	官邸着	
3/1	22:44	官邸発	
3/1	22:45	国会着	
3/1	22:46	衆議院議長応接室に入る	
3/1	22:50	議長応接室を出て衆議院本会議場に入る	
3/1	22:52	衆議院本会議が再開	
3/1	23:49	衆議院本会議が延会　本会議場を出る	
3/1	23:50	院内大臣室に入る	
3/1	23:52	菅官房長官と面会（～00:04）
